{"cameraMode":{"drawMode":0,"name":"Shaded","section":"Shading Mode"},"sceneLighting":true,"audioPlay":false,"sceneViewState":{"showFog":true,"showMaterialUpdate":false,"showSkybox":true,"showFlares":true,"showImageEffects":true,"showParticleSystems":true},"in2DMode":false,"pivot":{"x":-45.0,"y":0.3465990722179413,"z":-1.2499990463256837},"rotation":{"x":-0.09632078558206558,"y":-0.6475092172622681,"z":0.08301322907209397,"w":-0.7513920068740845},"size":2.7543797492980959,"orthographic":false}