{"cameraMode":{"drawMode":0,"name":"Shaded","section":"Shading Mode"},"sceneLighting":false,"audioPlay":false,"sceneViewState":{"showFog":true,"showMaterialUpdate":false,"showSkybox":false,"showFlares":true,"showImageEffects":true,"showParticleSystems":true},"in2DMode":false,"pivot":{"x":-4.917383193969727e-7,"y":1.1476622819900513,"z":-0.002525806427001953},"rotation":{"x":0.2876255512237549,"y":0.6322895884513855,"z":-0.2733277976512909,"w":0.6654408574104309},"size":0.8764870166778565,"orthographic":false}