{"cameraMode":{"drawMode":0,"name":"Shaded","section":"Shading Mode"},"sceneLighting":false,"audioPlay":false,"sceneViewState":{"showFog":true,"showMaterialUpdate":false,"showSkybox":false,"showFlares":true,"showImageEffects":true,"showParticleSystems":true},"in2DMode":false,"pivot":{"x":-37.00967025756836,"y":3.0457205772399904,"z":-2.1339259147644045},"rotation":{"x":-0.015259113162755967,"y":-0.968258798122406,"z":0.061081092804670337,"w":-0.24188655614852906},"size":13.692248344421387,"orthographic":false}