{"cameraMode":{"drawMode":0,"name":"Shaded","section":"Shading Mode"},"sceneLighting":false,"audioPlay":false,"sceneViewState":{"showFog":true,"showMaterialUpdate":false,"showSkybox":false,"showFlares":true,"showImageEffects":true,"showParticleSystems":true},"in2DMode":false,"pivot":{"x":-0.0000014901161193847657,"y":0.9292988777160645,"z":-8.940696716308594e-8},"rotation":{"x":-0.009556535631418229,"y":0.9419118165969849,"z":0.0268455408513546,"w":0.33470362424850466},"size":1.0614832639694214,"orthographic":false}