{"cameraMode":{"drawMode":0,"name":"Shaded","section":"Shading Mode"},"sceneLighting":true,"audioPlay":false,"sceneViewState":{"showFog":true,"showMaterialUpdate":false,"showSkybox":true,"showFlares":true,"showImageEffects":true,"showParticleSystems":true},"in2DMode":false,"pivot":{"x":-1.7881393432617188e-7,"y":1.1068217754364014,"z":-4.502929210662842},"rotation":{"x":-0.21638746559619904,"y":-0.6664072871208191,"z":0.2116423398256302,"w":-0.6814047694206238},"size":1.1757084131240845,"orthographic":false}