{"cameraMode":{"drawMode":0,"name":"Shaded","section":"Shading Mode"},"sceneLighting":false,"audioPlay":false,"sceneViewState":{"showFog":true,"showMaterialUpdate":false,"showSkybox":false,"showFlares":true,"showImageEffects":true,"showParticleSystems":true},"in2DMode":false,"pivot":{"x":0.0,"y":0.7792351245880127,"z":-0.024147063493728639},"rotation":{"x":-0.009556535631418229,"y":0.9419118165969849,"z":0.0268455408513546,"w":0.33470362424850466},"size":2.3743128776550295,"orthographic":false}