{"cameraMode":{"drawMode":0,"name":"Shaded","section":"Shading Mode"},"sceneLighting":true,"audioPlay":false,"sceneViewState":{"showFog":true,"showMaterialUpdate":false,"showSkybox":true,"showFlares":true,"showImageEffects":true,"showParticleSystems":true},"in2DMode":false,"pivot":{"x":-20.0551815032959,"y":0.5299422740936279,"z":14.327753067016602},"rotation":{"x":0.11766806989908219,"y":-0.8382480144500732,"z":0.19980327785015107,"w":0.49358123540878298},"size":54.22625732421875,"orthographic":false}