{"cameraMode":{"drawMode":0,"name":"Shaded","section":"Shading Mode"},"sceneLighting":false,"audioPlay":false,"sceneViewState":{"showFog":true,"showMaterialUpdate":false,"showSkybox":false,"showFlares":true,"showImageEffects":true,"showParticleSystems":true},"in2DMode":false,"pivot":{"x":5.960464477539063e-8,"y":0.3582961857318878,"z":-3.5762786865234377e-7},"rotation":{"x":-0.0006580271874554455,"y":-0.9958006143569946,"z":0.09137076139450073,"w":-0.007173805497586727},"size":1.3228892087936402,"orthographic":false}