{"cameraMode":{"drawMode":0,"name":"Shaded","section":"Shading Mode"},"sceneLighting":false,"audioPlay":false,"sceneViewState":{"showFog":true,"showMaterialUpdate":false,"showSkybox":false,"showFlares":true,"showImageEffects":true,"showParticleSystems":true},"in2DMode":false,"pivot":{"x":45.01045608520508,"y":0.859414279460907,"z":1.25},"rotation":{"x":0.007316559087485075,"y":0.7926903367042542,"z":-0.009510941803455353,"w":0.6095265746116638},"size":2.3728976249694826,"orthographic":true}