{"cameraMode":{"drawMode":0,"name":"Shaded","section":"Shading Mode"},"sceneLighting":true,"audioPlay":false,"sceneViewState":{"showFog":true,"showMaterialUpdate":false,"showSkybox":true,"showFlares":true,"showImageEffects":true,"showParticleSystems":true},"in2DMode":false,"pivot":{"x":1.6506118774414063,"y":-9.846601486206055,"z":-0.08906936645507813},"rotation":{"x":0.16448643803596497,"y":-0.7216802835464478,"z":0.183507040143013,"w":0.6468803882598877},"size":29.68070411682129,"orthographic":false}