{"cameraMode":{"drawMode":0,"name":"Shaded","section":"Shading Mode"},"sceneLighting":true,"audioPlay":false,"sceneViewState":{"showFog":true,"showMaterialUpdate":false,"showSkybox":true,"showFlares":true,"showImageEffects":true,"showParticleSystems":true},"in2DMode":false,"pivot":{"x":-1.8121473789215088,"y":2.3219263553619386,"z":2.9534263610839845},"rotation":{"x":0.07678122073411942,"y":-0.920486569404602,"z":0.23111529648303986,"w":0.3057138919830322},"size":3.7199461460113527,"orthographic":false}