{"cameraMode":{"drawMode":0,"name":"Shaded","section":"Shading Mode"},"sceneLighting":false,"audioPlay":false,"sceneViewState":{"showFog":true,"showMaterialUpdate":false,"showSkybox":false,"showFlares":true,"showImageEffects":true,"showParticleSystems":true},"in2DMode":false,"pivot":{"x":-0.22945845127105714,"y":0.2084464281797409,"z":0.02038666047155857},"rotation":{"x":0.004360054153949022,"y":-0.7071256041526794,"z":0.004129018634557724,"w":0.7071178555488586},"size":24.83592987060547,"orthographic":false}