{"cameraMode":{"drawMode":0,"name":"Shaded","section":"Shading Mode"},"sceneLighting":true,"audioPlay":false,"sceneViewState":{"showFog":true,"showMaterialUpdate":false,"showSkybox":true,"showFlares":true,"showImageEffects":true,"showParticleSystems":true},"in2DMode":false,"pivot":{"x":-4.988263130187988,"y":-0.4437675476074219,"z":-5.341571807861328},"rotation":{"x":0.061814919114112857,"y":-0.7440505027770996,"z":0.069312185049057,"w":0.661699116230011},"size":26.79114532470703,"orthographic":false}